	ASW1	ASW2	ASW3	ASW4	DNA6	DNA7	DNA8	DNA9	SRR24773994	SRR24773995	SRR24773996	SRR24773997	SRR24773998	SRR24773999	SRR24774000	SRR24774005	SRR24774010	SRR24774011	SRR24774012	SRR24774013	SRR24774014	SRR24774015	SRR24774016	SRR24774017
2135eaa5b91f04dc6c377562d5dc09a4	207	158	203	79	86	728	5097	852	9676	23702	24717	20828	20279	21364	12286	1986	37183	32667	33628	49481	36746	18905	1279	1794
0f9964b3c12cd5fcbaac649d49d287ee	99	69	130	32	656	487	6485	871	14671	12378	29737	32500	7728	2538	28302	7221	1587	135	461	462	16104	10830	6394	6763
72c323ee5902edbb7b79efecdd5b2e3c	62	68	118	0	595	405	4853	682	11319	9662	20941	22301	4276	1380	18398	4135	1239	113	320	368	12204	8157	3613	3688
110d016bf58f65c9cf8d57b2bc409db8	0	0	0	0	0	0	0	0	60	400	0	0	0	0	0	0	3145	3090	4098	6861	3711	106	0	0
aa9106c2a30648576a1982f26d1a2cfa	0	0	0	7	1096	488	13087	5703	0	0	0	0	29	0	49	19	3	0	0	17	0	7	34	24
4a9825bd1359fb68a353b06c71b9b04f	0	0	0	11	0	98	0	0	39	1515	0	0	0	0	0	0	2469	2949	4199	1379	2443	530	0	0
4e220a9380d25fbdb1b1681bd8e08e1d	431	202	130	34	0	53	1895	0	61	551	50	270	32	0	63	7	362	646	1015	611	1906	387	0	0
73c98c3ced4bbb1f4d3d0ae0d1d03f53	0	0	0	0	0	0	0	0	30	796	0	0	13	0	0	0	1166	1461	2195	722	1192	331	0	0
5140965609e1f928e16e675edc225cd6	880	1070	1662	1141	0	0	0	0	42	311	0	0	0	0	0	0	26	0	28	61	5	191	0	0
5693864ff0d541b4569c1a0dbaf91207	0	0	0	0	0	0	0	0	2749	1021	0	0	0	0	0	0	0	0	0	21	36	1017	0	0
00fea10a06752529438e61978d2bc07d	489	723	820	32	319	0	1029	0	0	756	31	43	0	0	19	0	29	115	96	28	220	51	0	0
f92d3015a23a0e0b67223be1f9a8a6ce	0	0	0	0	0	0	0	0	616	562	0	0	0	0	0	0	604	579	335	750	594	646	0	0
6bc4794e2653966acf2cb4524fdfd6fc	852	887	2069	433	0	0	0	0	0	9	0	0	5	0	0	9	10	0	14	12	0	0	14	22
c14c32b6e55160fb384327c0e04c5862	0	0	0	0	0	0	0	0	300	2447	0	8	0	0	0	0	0	13	0	14	0	1087	0	0
9ab20044c61bf536cc132b4583aa4ec3	0	0	0	0	0	0	0	0	2460	691	0	0	0	0	0	0	0	15	0	0	0	597	0	0
4348da116480dfdfb564e52475c8f43a	0	0	0	0	0	0	0	0	0	0	363	601	1044	767	856	0	0	0	0	0	0	0	0	0
3a0983c9a476952073c02a70810c2f9a	22	0	0	0	0	0	0	0	20	25	0	0	0	0	0	0	857	686	646	852	421	0	0	0
82cadd6d201015a238141a9ec7fa33d3	0	0	0	0	0	0	0	0	0	0	0	1408	895	0	1099	0	0	0	0	0	0	0	0	0
35b396e12f1b0b426476d17d3a06caa7	0	0	0	0	0	0	0	0	3157	29	0	0	0	0	0	0	0	9	20	15	25	15	0	0
110dc0b665d5d5c64de9226e7b0df6ec	617	671	1580	326	0	0	0	0	0	0	0	0	0	15	11	0	0	12	0	0	0	26	0	0
8c82e05f6a79fb422fd753b3d900d346	0	0	0	0	0	0	0	0	1945	578	0	0	0	0	0	0	0	0	16	24	27	484	0	0
c9c089051a8f08697131392edaf69f69	0	0	0	0	67	0	2705	216	0	0	37	0	0	0	0	0	0	10	0	0	0	0	0	0
f702d525619bd3a7da19482b70baf1c4	0	0	0	0	0	0	0	0	263	1842	0	0	0	0	9	0	26	0	0	0	13	755	0	0
05ccf93ee2c4dcdffd176d0e4ca3c9db	0	0	0	0	0	0	0	0	394	0	0	0	0	0	0	0	0	299	386	679	800	349	0	0
8241c688c6fb6dc1190ec5a85b174d7b	0	0	0	0	0	2856	0	0	0	0	0	0	0	0	0	0	0	0	6	0	0	0	0	0
ee3c02c98c5f2bb3184b6c06bcfcc90d	0	0	0	0	0	0	0	0	26	2684	0	0	0	0	0	0	0	5	10	8	21	0	0	0
9c65df5337ff53466513de34f40a4547	437	547	916	487	0	0	0	0	0	156	0	0	0	0	0	0	28	0	38	58	18	67	0	0
f32988914718d596bd4f49e5d9c66f0a	518	486	659	711	0	0	0	0	0	138	0	0	0	0	0	0	25	0	0	54	9	105	0	0
ac0efc8a80a03eefcba73fe918274a10	510	253	258	0	63	164	1052	0	0	51	0	0	24	33	0	4	64	66	48	32	38	0	7	33
194d8c1e9a96750144bcda0cb176a0b5	256	352	295	1258	246	0	0	10	0	118	0	29	0	4	0	0	19	0	0	18	0	37	3	17
ea9804dbb0ad347a84dab7bd73adc206	0	0	0	0	0	2381	0	0	0	0	0	0	0	0	0	0	0	0	19	0	0	2	0	0
a93f3c7f0cc9a65f814f29e74a73fd01	0	0	0	0	0	0	0	0	9	13	0	0	0	0	0	0	304	1074	405	175	375	0	0	0
41029cf7ce5d0c2639e19b790657a9da	0	0	0	0	0	0	0	0	1808	389	0	0	0	0	0	0	24	16	0	0	0	30	0	0
5fef47d7ca916c458f2acdabdd4fc632	0	0	0	0	0	0	0	0	221	211	0	0	0	0	0	0	417	384	399	225	204	145	0	0
68bb3196446383cf717c711c099f9532	0	0	0	0	0	0	0	0	1172	627	0	0	0	0	0	0	0	3	7	9	13	341	0	0
44de2d5e37d39d4356fccd61ac8d6bbe	390	441	491	596	0	0	0	0	17	107	0	0	0	0	0	0	0	10	20	20	0	62	0	0
345269192902c387ef9cfb131378a738	0	0	0	0	0	0	0	2139	0	0	0	0	0	0	0	3	0	0	0	0	0	0	0	0
c0222ee969243ea5dcab69377a5a9d5c	0	0	0	0	0	0	0	0	1759	73	0	0	0	0	0	0	0	0	0	0	0	177	0	0
96c4c667102a948771c4b91204d2a05f	0	0	0	0	38	0	511	1229	0	0	0	0	107	0	0	0	0	0	0	0	0	0	4	0
9c9c07c5f1f743621a7d7743f1cf524e	0	0	9	0	0	0	0	0	1487	164	0	0	0	0	0	0	36	0	22	22	23	118	0	0
686709e3bba6c0aabb3906f7307d449d	394	409	497	424	0	0	0	0	25	26	0	0	0	4	0	0	13	0	0	22	0	40	0	0
366ab15b88fa1920538b2b5104ce64bc	0	0	0	0	0	0	0	0	755	401	0	0	0	0	0	0	6	3	4	6	11	528	0	0
a340509099fb4c72532dc05138a1136b	0	0	0	0	0	0	0	0	1355	71	0	0	0	0	0	0	22	7	9	11	31	148	0	0
04dbdf57b4948227692bae1ef2e85dad	0	0	0	0	0	0	0	0	956	274	0	0	0	0	0	0	0	0	0	0	15	314	0	0
c67e7d40e505d395d4a1dfc9f840dbdc	0	0	0	0	0	0	0	0	68	593	0	0	0	0	0	0	0	0	7	0	0	834	0	0
da4ee6611eaf65829faa4f4d63b3c7d1	0	0	0	0	0	0	0	0	1181	113	0	0	0	0	0	0	0	8	0	0	0	135	0	0
f62195d259674422e6967e6007ea9c36	0	0	0	0	0	0	0	0	0	0	703	534	0	0	28	0	0	0	0	0	0	0	0	0
a1ac4ddd0dd76082618a7216c7056f2b	0	0	0	0	0	0	0	0	0	0	0	0	409	0	850	0	0	0	0	0	0	0	0	0
5c27daeeb4d168fdcec8a661dfdc66d7	308	245	565	45	0	0	0	0	0	35	0	0	5	0	5	0	0	0	0	0	0	0	0	6
1ab08006c53f1dfea22bfe9277875c1c	0	0	0	0	0	0	0	0	616	513	0	0	0	0	0	0	12	0	8	0	15	37	0	0
943f6171fa23d60817bbc7edbf57f4c6	0	0	0	0	0	0	0	0	410	224	0	0	0	0	0	0	0	0	0	0	0	552	0	0
d8d4d4f4f23d4ab41bebeda04a3fc0f1	0	0	0	0	0	0	0	0	1028	89	0	0	0	0	0	0	6	0	0	9	10	27	0	0
e8af1b5272f1d7e59126536628219b05	108	165	401	438	0	0	0	0	3	14	0	0	0	0	0	0	0	0	0	3	0	18	0	0
3848b5414519eb2759d65cb892a07957	0	0	0	0	0	0	0	0	239	269	0	0	0	0	0	0	0	0	0	0	0	548	0	0
b3905f6d2cea075f19a8129058eadbff	0	0	0	0	0	0	0	0	321	314	3	0	0	0	0	0	4	3	0	0	0	394	0	0
cddf497262e9ce935e058105e6252642	0	0	0	6	0	0	0	0	149	390	0	0	0	0	0	0	0	0	0	0	0	487	0	0
4c0532118d3780b3d7bcbe50201dcda9	0	0	0	0	0	0	0	0	873	0	0	0	0	0	0	0	0	0	0	0	0	142	0	0
dc9f9bd55f8089e16bdfdfb39afe0591	0	0	0	0	0	0	0	0	121	774	0	0	0	0	0	0	10	0	8	0	10	87	0	0
93fffb00ddb29bfdeafe452a0ecc38d8	0	0	0	0	0	0	0	0	0	0	0	0	0	0	0	0	134	335	132	225	139	0	0	0
5f075f9b20a68f1ad1faafc963d194b7	0	0	0	0	0	0	0	0	244	244	0	0	0	0	0	0	0	0	0	0	0	460	0	0
4c40205517345f356281ddcfe23c20e5	0	0	0	0	0	0	0	0	90	115	0	0	0	0	0	0	102	99	99	168	115	134	0	0
c2e118dbb6ee75e740ad6567d3c14e82	0	0	0	0	0	0	0	0	0	0	0	0	0	0	0	0	133	356	139	28	262	0	0	0
fd2ca755a684013e1ab0ceeaeeb92a12	0	0	23	21	0	0	0	0	91	205	0	0	0	0	0	0	0	0	0	0	0	558	0	0
8307fe4f26f20be359cd7ecc5285ca3d	0	0	0	0	0	0	0	0	773	87	0	0	0	0	0	0	0	4	0	0	0	33	0	0
06b92dc8c1436384f6d23ac8e6761491	0	0	0	0	0	0	0	0	453	209	0	0	0	0	0	0	0	0	0	0	21	181	0	0
f160d665ae39a93cef04024c90533cf3	0	0	0	0	0	0	0	0	175	169	0	0	0	0	0	0	302	0	0	0	199	0	0	0
cd41f6e40eecc781ac6c1c4bae9d0122	0	0	0	0	0	0	0	0	262	253	0	0	0	0	0	0	0	0	4	2	0	313	0	0
8e085a912d1e0b9a392ce1a8e47be632	0	0	22	0	785	0	0	0	0	26	0	0	0	0	0	0	0	0	0	0	0	0	0	0
6802ecc27822f07cfaf856a745c10180	0	0	0	0	0	0	0	0	744	28	0	0	0	0	0	0	0	0	0	0	0	52	0	0
37ee24a3cd7f181694ae0fc8d229d531	0	0	0	0	0	0	0	0	147	528	6	0	0	0	0	0	4	0	0	0	3	133	0	0
81f62949875cf956bf562e65c1d57b4f	0	0	0	0	0	0	0	0	58	139	0	0	0	0	0	0	150	79	110	121	96	63	0	0
9c3ddf5cdc0a2ea8115d4619729d949f	0	0	0	0	0	0	0	0	92	101	0	0	0	0	0	0	89	77	104	123	110	118	0	0
6c433d9cad1b6b603dada08fa568f0b4	0	0	0	0	0	0	0	0	656	25	0	0	0	0	0	0	14	0	0	0	11	59	0	0
b93acadca3f22243ee02114c0652ee47	0	0	0	0	0	0	0	0	0	0	0	0	0	0	0	0	0	152	274	169	0	165	0	0
6dc4527d37ea2c9c46405e80df3a6499	0	0	0	0	0	0	0	0	192	225	0	0	0	0	0	0	2	2	0	0	5	311	0	0
11f8f7a1237aee83a4bc649510fffb93	125	141	186	105	0	0	0	0	0	87	0	0	0	0	0	0	0	0	15	37	0	40	0	0
9a43db15b3b395fb67aacdedf5239f06	0	0	0	0	0	0	0	0	684	0	0	0	0	0	0	0	0	0	0	0	7	0	0	0
5a478c79dc5ca19e4734d97d04bfcabd	0	0	0	0	0	0	0	0	4	7	0	0	0	0	0	0	72	256	91	181	77	0	0	0
9a9983b0eb3dfcee8a75abd79554f0f9	0	0	0	0	0	0	0	0	32	214	0	0	0	0	0	0	0	0	0	0	0	438	0	0
023778f88301248cd7e02790393bc180	0	0	0	0	0	0	0	0	427	207	0	0	0	0	0	0	0	0	0	0	0	45	0	0
f9bb3dd5f7e16d162e723856c9cae32f	0	0	0	0	0	0	0	0	130	92	0	0	0	0	0	0	99	85	109	72	92	0	0	0
6dc71a611834e1fe51d8027170df656d	0	0	0	0	0	665	0	0	0	0	0	0	0	0	0	0	0	3	0	0	0	0	0	0
40d8bebe97f82d21bbcdfbc6bcc03df1	0	0	0	0	0	0	0	0	0	0	238	68	146	106	104	0	0	0	0	0	0	0	0	0
aff72f4fc5618ab611a536bb9fca46b4	0	0	0	0	0	0	0	0	0	70	0	0	0	0	0	0	90	205	122	40	121	0	0	0
21ef6b1b84e29144988d9940eb613888	0	0	0	0	0	0	387	238	0	0	0	0	0	0	0	0	6	0	0	0	0	0	0	0
8a036e413d85ba1eda83bedeb5a60304	0	0	0	0	0	0	0	0	322	92	0	0	0	0	0	0	0	0	0	5	0	211	0	0
1d4e0c6a7a64a682d97918a6dfbd716e	0	0	0	0	0	0	0	0	0	0	0	0	0	0	0	0	93	190	100	140	102	0	0	0
fe745739b3726932aa7f8449455253a1	0	0	0	0	0	0	0	0	129	226	0	0	0	0	0	0	0	4	0	5	4	239	0	0
35393ce024213fe606589a86f639ed44	0	0	0	0	0	0	0	0	0	0	70	69	181	164	115	0	0	0	0	0	0	0	0	0
cbe69dd053bf4a93ad4a9df55ad759e7	0	0	0	0	0	0	0	0	216	129	0	0	0	0	0	0	0	0	0	6	0	225	0	0
530ee2c00b21349243f953318ae6b6cb	0	0	0	0	0	0	0	0	0	0	192	224	79	72	0	0	0	0	0	0	0	0	0	0
e87ba31f045ec2bc8a6bb2915bd5331b	0	0	0	0	0	0	0	0	195	362	0	0	0	0	0	0	4	0	0	0	4	0	0	0
83a77503ce4435df4f6a599238a44f87	95	102	162	136	0	0	0	0	6	25	0	0	0	3	0	0	0	0	0	0	0	34	0	0
f464393128283b329d9c3b2259f3d261	0	0	8	0	535	0	0	0	0	12	0	0	0	0	0	0	0	0	0	0	0	0	0	0
705966bf5a34c8694b745296db50860e	0	0	0	0	0	0	0	0	70	58	0	0	0	0	0	0	57	62	51	90	77	78	0	0
5137b59eb8b3f0f134c5b5a3abf040f1	0	0	0	0	0	0	0	0	320	96	0	0	0	0	0	0	0	3	0	0	5	112	0	0
35022feec14f80f38b904f7879d8c90e	0	0	0	0	0	0	0	0	522	5	0	0	0	0	0	0	0	0	0	4	0	0	0	0
b3d1c330566d10fc49dd972cccdb25d2	0	0	0	393	43	0	0	0	0	35	0	0	0	0	0	0	0	0	10	0	0	49	0	0
fc61cc0e36b442087f54a56b79247cd4	0	0	0	0	0	0	0	0	59	202	0	0	0	0	0	0	0	0	2	0	0	263	0	0
24eee15208beff0cabf44435a0d85036	0	0	0	0	0	0	0	0	5	0	0	0	0	0	0	0	102	171	51	144	52	0	0	0
a65945024ec56fa0882ed86e7dbd37b4	0	0	0	0	0	0	0	0	0	26	0	0	0	0	0	0	81	150	85	112	57	14	0	0
551492c72a06bf6a1d49bbe28e5dac39	44	56	129	191	0	0	0	0	27	20	0	0	0	0	0	0	0	0	0	11	0	30	0	0
52ca1913c3785e08520a686a2332d771	72	0	0	0	0	0	0	0	26	306	0	0	0	0	0	0	3	0	0	0	0	96	0	0
e200699ee9393c9b602375fde09e829c	0	0	0	0	0	0	0	0	132	159	0	0	0	0	0	0	6	0	0	0	0	201	0	0
297fdb8b0464b32a92076c393dfa95ed	0	0	0	0	0	0	0	0	255	92	0	0	0	0	0	0	0	0	0	0	7	141	0	0
177c4bb2437596cfe7a1f8af241ce1a4	0	0	0	0	0	0	0	0	382	48	0	0	0	0	0	0	0	0	0	0	4	55	0	0
b1d4b45e9ca069dcba3630cc99541ac9	0	0	0	0	0	0	0	0	203	118	0	0	0	0	0	0	17	27	23	14	0	68	0	0
3a21a36a2fdb6ac10008c01509a827ca	0	0	0	0	0	0	0	0	69	63	0	0	0	0	0	0	55	102	48	56	70	0	0	0
30ee4e18dffa752b81eda742c9695b4f	0	0	0	0	0	0	0	0	126	291	0	0	0	0	0	0	0	0	0	0	3	40	0	0
2ec503c4c7dc518a01b70b274814c83f	0	0	0	0	0	0	0	0	224	127	0	0	0	0	0	0	0	0	0	0	0	101	0	0
5fbdaa03555bd5243e98926e02b4c2c8	0	0	0	0	0	0	0	0	0	0	0	0	0	0	0	0	0	70	0	371	0	0	0	0
e3cda294e3aaa1dee3e5633b35e322fc	0	0	0	0	0	0	0	0	188	241	0	0	0	0	0	0	0	0	0	4	0	5	0	0
595e5ce0002bef69bb771ac788cd2e04	0	0	0	0	0	0	0	0	0	0	93	74	84	69	115	0	0	0	0	0	0	0	0	0
a3d8537b8e557e155e17c77b80ccab8a	0	0	0	0	0	0	0	0	0	0	46	72	129	85	98	0	0	0	0	0	0	0	0	0
e3dd9dbd539d9f5e5dd1950365e185e9	57	0	0	0	0	0	0	0	38	246	0	0	0	0	0	0	0	0	0	0	3	82	0	0
1ee9617d2acf72737623c129b341f5c9	0	0	0	0	0	0	0	0	0	21	0	0	0	0	0	0	19	46	144	163	32	0	0	0
534fab510e3c7b587f84f248689261fc	0	0	0	0	0	0	0	0	40	186	0	0	0	0	0	0	0	0	0	0	0	192	0	0
19ae096f716f569e7079df420adadf8b	0	0	0	0	0	0	0	0	105	106	0	0	0	0	0	0	0	0	0	0	0	199	0	0
c56b98fedd4c162374d0ecb9c60d456a	0	0	0	0	0	0	0	0	3	296	0	0	0	0	0	0	0	0	11	0	100	0	0	0
7b4ff9ec444034e2e3d6b897ec39c152	0	0	0	0	0	0	0	0	60	60	0	0	0	0	0	0	66	56	47	51	63	0	0	0
01b5519882b6c890d29383810f0a0f84	0	0	0	0	0	0	0	0	186	135	0	0	0	0	0	0	8	0	0	0	0	72	0	0
f0fa6b6df7f0e02c253b58c91b1af025	0	0	0	0	0	0	0	0	0	366	0	0	0	0	0	0	5	3	0	0	0	0	0	0
fe169dd744714a6fd0fc5b4ad9b080b8	0	0	0	0	0	0	0	0	139	209	0	0	0	0	0	0	0	0	0	0	0	22	0	0
ecc1622bc722a39bb5e0d11636de8a91	0	0	0	0	0	0	0	0	283	31	0	0	0	0	0	0	0	0	0	0	0	55	0	0
9d608db0d9fb6449cea2f2831fa4b002	0	0	0	0	0	0	0	0	0	0	0	0	0	0	0	0	34	115	119	48	50	0	0	0
50b7258c6572df2fa0f0b78ae6b9f159	0	0	0	0	0	0	0	0	0	21	0	0	0	0	0	0	35	98	41	33	21	113	0	0
d29a5fe87c1e86233d3cea7666448030	0	0	0	0	0	0	0	0	0	9	0	0	0	0	0	0	53	128	21	105	41	4	0	0
56060c384bb570b9b5435b9eeccf1533	0	0	0	0	0	0	0	0	29	167	0	0	0	0	0	0	0	0	0	0	0	161	0	0
93534de04fb5beb510a87d3c2bf71ecc	18	32	53	3	0	0	0	0	51	119	0	30	0	0	6	0	0	0	0	0	0	39	0	0
e9848c618eedc648eac6063220c071c1	0	0	0	0	0	0	0	0	48	156	0	0	0	0	0	0	0	0	0	0	0	145	0	0
55f8005afd8b26308adc9dfdd9aa2f95	0	0	0	0	0	0	0	0	35	107	0	0	0	0	0	0	0	0	0	0	0	200	0	0
0da9e9d6bb4c8f4724c365ac9440b068	0	0	0	0	0	0	0	0	0	0	0	0	0	0	0	0	63	0	279	0	0	0	0	0
99599edc1c515df89946b9d8cb6bab95	0	0	0	0	0	0	0	0	267	34	0	0	0	0	0	0	0	0	0	0	0	32	0	0
4e01b1fbfae69ea658e9d9db554b13d5	0	0	0	0	0	0	0	0	173	89	0	0	0	0	0	0	0	0	0	0	0	70	0	0
4330df5ace273a85bebd0c241634591d	0	6	0	0	0	0	0	0	0	6	0	0	0	0	0	0	61	54	67	90	41	0	0	0
83c89d8cb27790a079553bc1f132c87a	0	0	0	0	0	0	0	0	0	49	0	0	0	0	0	0	0	0	0	0	0	273	0	0
36162717a5f4b95bdcdfee7796a91dbe	0	0	0	0	0	0	0	0	21	286	0	2	0	0	0	0	0	0	0	0	0	11	0	0
2a1cd321a8e771fe632b62bac26368c8	0	0	0	0	0	0	0	0	30	71	0	0	0	0	0	0	0	0	0	0	0	217	0	0
c374c8ecdf597a7be339655e8e90eaec	47	54	63	62	0	0	0	0	0	0	0	0	0	0	0	0	26	30	10	23	0	0	0	0
1bbf4d43f9419336cd6d6757f5833697	0	0	0	0	0	0	0	0	0	0	0	0	100	84	130	0	0	0	0	0	0	0	0	0
67f7db32d157ef6816135818edab5049	12	0	0	0	0	0	0	0	297	0	0	0	0	0	0	0	0	0	0	0	0	0	0	0
dfac99113fa98bebe520fc7b2be0a901	0	0	0	0	0	0	0	0	47	44	0	0	0	0	0	0	44	47	36	36	46	0	0	0
75c436a42d870a2100b6f6edb1b7600d	0	0	0	0	0	0	0	0	50	46	0	0	0	0	0	0	0	51	35	56	61	0	0	0
34afe8d86459f3644b55ef39cafcb12e	0	0	0	0	0	0	0	0	42	126	0	0	0	0	0	0	0	0	0	0	3	126	0	0
589f52883027a8e4fd1cfa95d097891e	0	0	0	0	0	0	0	0	88	87	0	0	0	0	0	0	0	0	0	0	0	119	0	0
33acf5af9b3112ec81fc106a30ff0e59	0	0	0	0	0	0	0	0	0	0	27	44	83	59	75	0	0	0	0	0	0	0	0	0
176a0df0c290d018f8e4a9696ecc7354	0	0	0	0	0	0	0	0	142	48	0	0	0	0	0	0	10	0	0	8	0	76	0	0
66f5e3c66ede8a5fe14612f0ebb61c02	0	0	0	0	0	0	0	0	0	5	0	0	0	0	0	0	29	85	76	44	38	6	0	0
3c54f1012cbb3b8a4b7ec882b5b7302e	0	0	0	0	0	0	0	0	0	0	91	87	0	105	0	0	0	0	0	0	0	0	0	0
788b14678af2a02cf5df67484c6ab08c	0	0	0	0	0	0	0	0	135	45	0	0	0	0	0	0	0	0	0	0	0	98	0	0
0c26ce30ab06fef8ffbb96f580a4e16f	0	0	0	0	0	0	0	0	209	38	0	0	0	0	0	0	0	0	0	0	0	29	0	0
cbb06e417e92a15555abad5667ddd53c	0	0	0	0	0	0	0	0	145	44	0	0	0	0	0	0	0	0	0	0	0	86	0	0
526325a3f1dadb407c227c161883d080	0	0	0	0	0	0	0	0	116	94	0	5	0	0	0	0	0	0	0	0	0	53	0	0
c9299ea63205e2417392b4cb22bba270	0	0	0	0	0	0	0	0	56	116	0	0	0	0	0	0	0	0	0	0	0	95	0	0
1893eb8c1d8f80a05673aabb3537d636	0	0	0	0	0	0	0	0	56	25	2	0	0	0	2	0	0	0	0	0	0	179	0	0
fd21a65cd4161dc4e8a1c502bd210dce	0	0	0	0	0	0	0	0	99	71	0	0	0	0	0	0	0	0	0	0	0	92	0	0
8138981261052076cb271fbaad5b95ac	34	0	61	50	0	0	0	0	37	64	0	0	0	0	0	4	0	11	0	0	0	0	0	0
fa9778f39fbce5d413b0e1255474869e	6	0	0	0	251	0	0	0	0	3	0	0	0	0	0	0	0	0	0	0	0	0	0	0
f32ebd474b6faf30959c2947ab66c019	0	0	0	0	0	0	0	0	124	77	0	0	0	0	0	0	0	0	0	0	0	58	0	0
f71f47aba545c6a2a0668ac9dd28a290	0	0	0	0	0	0	0	0	21	87	15	0	0	0	0	0	0	0	0	0	0	125	0	0
aacc970d2810dfd5b6a0d5d4e246382d	0	0	0	0	0	0	0	0	132	55	0	0	0	0	0	0	0	0	0	0	0	60	0	0
b1f0a8bb616ece804df47d26eacee2ff	0	0	0	0	0	0	0	0	81	38	0	0	0	0	0	0	0	0	0	0	0	126	0	0
d841c38c5dd87be76a33b5f65c5a07b0	0	0	0	0	0	0	0	0	0	62	0	0	0	0	0	0	0	0	0	0	0	177	0	0
551aa9c2b9c531fdc724e22a9f1eb6c7	0	0	0	0	0	0	0	0	0	0	0	0	0	0	0	0	25	51	42	33	77	6	0	0
7f5ac6cdcc689ef68799a07d6881755e	0	0	0	0	0	0	0	0	127	49	0	0	0	0	0	0	0	0	0	0	0	57	0	0
4b1803c7e7980d55b4c801976ff793e9	0	0	0	0	0	0	0	0	0	0	88	66	0	0	76	0	0	0	0	0	0	0	0	0
55f838d2022acfb94d29ae68f53d3564	0	0	0	0	0	0	0	0	13	27	0	0	0	0	0	0	21	32	47	32	55	0	0	0
0a31e0796e1ce5ca07a8e26707c16588	0	0	0	0	0	0	0	0	0	0	116	103	0	0	8	0	0	0	0	0	0	0	0	0
a1ea543f368e8b1d9e960eacde2661d5	0	0	0	0	0	0	0	0	42	68	0	0	0	0	0	0	0	0	0	0	0	116	0	0
9137f1e6510495ea1771c8283a711d72	0	35	0	0	0	0	0	0	0	21	0	0	0	0	0	0	32	45	47	41	0	0	0	0
65d5bd5738c6aefd88d3bad79298433f	0	0	0	0	0	0	0	0	32	121	0	7	0	0	0	0	0	0	0	0	0	60	0	0
681aedb708fa40dce025e70121a3b001	0	0	0	0	0	0	0	0	0	209	0	10	0	0	0	0	0	0	0	0	0	0	0	0
7eea38268f976284b0cbe7629a7d8c86	0	0	0	0	0	0	0	0	135	39	0	0	0	0	0	0	0	0	0	0	5	35	0	0
fa8a6090dacfd54a7531290799361eef	0	0	0	0	0	0	0	0	81	64	2	0	0	0	0	0	0	0	0	0	0	66	0	0
99019a095cbbd45c9774dd468388fb4f	0	0	0	0	0	0	0	0	50	94	0	0	0	0	0	0	0	0	0	0	0	68	0	0
039daf2ba5c88ee2d8418517a068e51c	0	0	40	26	0	0	0	0	0	55	0	0	0	0	0	0	0	0	23	18	0	48	0	0
7aab1c9371a1346f37f4696e667890c6	0	0	0	0	0	0	0	0	137	33	0	0	0	0	0	0	0	0	0	0	0	40	0	0
ca5509f75fd8911108b97a0f526d4a5b	0	0	0	0	0	0	0	0	109	0	0	0	0	0	0	0	0	0	0	0	0	100	0	0
bb7ae248ab9a4ea4c921df68f3837259	0	0	0	0	0	0	0	0	142	33	0	0	0	0	0	0	0	0	0	0	0	32	0	0
45bc032a51da1e9b68be5faa094b8c43	0	0	0	0	0	0	0	0	164	23	0	0	0	0	0	0	0	0	0	0	0	18	0	0
f942f11832bd51b1c94ee3b92a8b849d	0	0	0	0	0	0	0	0	96	40	0	0	0	0	0	0	0	0	0	0	0	67	0	0
e7c6630faf2d37cb6efbd924692ca4b5	0	0	0	0	0	0	0	0	83	40	0	0	0	0	0	0	0	0	0	0	0	77	0	0
3775f744b29873fafff2f0888344b772	0	0	0	0	0	0	0	0	47	0	0	0	0	0	0	0	44	31	0	34	41	0	0	0
f9d418199c6a8752c0e81d874f5e2dbd	0	0	0	0	0	0	0	0	0	0	0	31	51	68	47	0	0	0	0	0	0	0	0	0
51151f8c459ee97c6191a436f8ef5832	0	0	0	0	0	0	0	0	89	107	0	0	0	0	0	0	0	0	0	0	0	0	0	0
b5e8c1c8e2cca80495d0e099d23f5ab1	0	0	0	0	0	0	0	0	108	42	0	0	0	0	0	0	0	0	0	0	0	45	0	0
c4ee4a828dad93af33cf535ef4f15c01	0	0	0	0	0	0	0	0	131	22	0	0	0	0	0	0	0	0	0	0	0	41	0	0
3956a01f272667e67cd7a72a0585b4c4	0	0	0	0	0	0	0	0	186	0	0	0	0	0	0	0	0	0	0	4	0	0	0	0
ef1e63eeaaa50e90eea25cc9eee6ffea	0	0	0	0	0	0	0	0	0	28	0	0	0	0	0	0	0	0	0	0	0	161	0	0
a547f0797fae40a1753c45075f5879f5	0	0	0	0	0	0	0	0	0	65	0	0	0	0	0	0	0	0	0	0	0	123	0	0
bd823f3a7b9987715a48c73e01d20911	0	0	0	0	0	0	0	115	0	0	61	0	0	0	5	0	0	0	0	0	0	0	0	0
cda0c02c658bb332c9a2ac246a08f3f8	0	49	24	0	0	0	0	0	0	90	0	0	0	0	0	0	0	0	0	0	0	14	0	0
d8dc378d54087302ec6b714d2fd935fa	60	40	51	0	0	0	0	0	8	12	0	0	0	0	0	0	5	0	0	0	0	0	0	0
3dd66a9c53357db6bd05f767bcf2dc0e	0	0	0	0	0	0	0	0	115	26	0	0	0	0	0	0	0	0	0	0	0	34	0	0
bbcebf3fe44aef15ff0775ea8b01155c	0	0	0	0	0	0	0	0	91	48	0	0	0	0	0	0	0	0	0	0	0	36	0	0
010ecbeeda87454f70ee6367731b500c	0	0	0	0	0	0	0	0	86	43	0	0	0	0	0	0	0	0	0	0	0	46	0	0
ed3620aecb50f4a23e93bd1b1717d311	0	0	0	0	0	0	0	0	35	77	0	0	0	0	0	0	0	0	0	0	0	62	0	0
ec0bc691d537f2c892c2bcb8366e6d8a	0	0	0	0	0	0	0	0	21	67	0	0	0	0	0	0	0	0	0	0	0	85	0	0
5499417dbcf8278f968f672f4713425e	0	0	0	0	0	0	0	0	0	0	70	0	45	58	0	0	0	0	0	0	0	0	0	0
e67f91a6a0f99a9b30b1949621f16d63	0	0	0	0	0	0	0	0	20	32	0	0	0	0	0	0	14	21	26	28	31	0	0	0
83799e6b5d7751c5958ec786a7697b53	0	0	0	0	0	0	0	0	57	55	3	0	0	0	0	0	0	0	0	0	0	56	0	0
75b7e82847dad232a871e311a5dadc21	0	0	0	0	0	0	0	0	0	0	0	0	0	0	0	0	50	72	26	0	23	0	0	0
8e4dd769f92290270d1d33852c329c19	0	0	0	0	0	0	0	0	85	50	0	0	0	0	0	0	0	0	0	0	0	34	0	0
4e6b10f7f1134f7ad93c273c7439f954	0	0	0	0	0	0	0	0	75	25	0	0	0	0	0	0	0	0	0	0	0	69	0	0
5154106e906adc70376cd6dfdcc0d77e	0	0	0	0	0	0	0	0	0	0	0	0	0	0	0	0	0	52	64	26	27	0	0	0
58c140f703244b256ff8fb32d65b4c16	5	0	3	0	0	0	0	0	0	157	0	0	0	0	0	0	0	0	0	0	3	0	0	0
16e762b14bd7d15378dd3252eb82d906	0	0	0	0	0	0	0	0	86	43	0	0	0	0	0	0	0	0	0	0	0	38	0	0
74544363b782eda3f85482f189da9ed6	0	0	0	0	0	0	0	0	64	35	0	0	0	0	0	0	0	0	0	5	0	63	0	0
2c9570a235cc3845e8dd96d4602bf88b	0	0	0	0	0	0	0	0	152	13	0	0	0	0	0	0	0	0	0	0	0	0	0	0
b48a096398c2cd2d0b3d9f14d3fcfce9	0	0	0	0	0	0	0	0	0	0	0	0	0	0	0	0	34	35	28	26	40	0	0	0
26ac30868a1d74ba3a98dc4948d9652a	0	0	0	0	0	0	0	0	0	0	0	0	0	0	0	0	35	36	28	27	36	0	0	0
9e16393b77f4fd683377c96c8f37eb71	0	0	0	0	0	0	0	0	0	0	0	0	0	0	0	0	0	19	56	43	43	0	0	0
c19da3d9aaa1c1057e62a093880d3787	30	41	51	0	0	0	0	0	0	27	0	0	0	0	0	0	0	0	0	0	0	10	0	0
74514065bef0c23c865256d46b4595b0	0	0	0	0	0	0	0	0	134	25	0	0	0	0	0	0	0	0	0	0	0	0	0	0
9f623e49b6263c3b2179b7ac055cb6b0	0	0	0	0	0	0	0	0	47	43	0	0	0	0	0	0	0	0	0	0	0	69	0	0
2acdb1aa0f2cf6550dd62832efe56d6d	0	0	0	0	0	0	0	0	10	77	0	0	0	0	0	0	0	0	0	0	0	72	0	0
a236934e381899faab99a5cb673a91a8	0	0	0	18	0	0	0	0	34	31	0	0	0	0	0	0	0	0	0	0	0	74	0	0
9dd947e424358af17c3eb4349441ca67	0	0	0	0	0	0	0	0	39	43	0	0	0	0	0	0	0	0	0	0	0	75	0	0
1bf957460784cf05ace3e674cf6d2a5f	0	0	0	0	0	0	0	0	0	85	0	0	0	0	0	0	0	0	0	0	0	72	0	0
34327421e1051d3e4e39c6a8b6c6e669	0	0	0	0	0	0	0	0	107	30	0	0	0	0	0	0	0	0	0	0	0	19	0	0
c7b583898ccef03ae64b82dee5d0bba0	0	43	26	65	0	0	0	0	0	9	0	0	0	0	0	0	0	0	0	0	0	12	0	0
717a3bb9cb61085945c4fa9421040a0d	0	0	0	108	0	0	0	0	0	30	0	0	0	0	0	0	0	0	0	0	0	17	0	0
59acea2e1f2af4bd227a430035dd5d7b	0	0	0	0	0	0	0	0	3	8	0	0	0	0	0	0	0	0	0	0	0	144	0	0
cde0213e7ae386e67c09caa2129452a8	0	0	0	0	0	0	0	0	0	0	0	0	0	0	0	0	39	32	31	30	22	0	0	0
c32a171a17ec2ccb33add3ab32532bfa	0	0	0	0	0	0	0	0	33	24	0	0	0	0	0	0	0	0	0	33	51	12	0	0
2571f928556a0bb8686dec3b1208d0bd	0	0	0	0	0	0	0	0	133	0	0	0	0	0	0	0	0	0	0	0	0	19	0	0
ea62a1fd3b7fa620e22f1cc29e74baf0	0	0	0	0	0	0	0	0	15	113	0	0	0	0	0	0	0	0	0	0	0	23	0	0
337b87530ebe02e5fc876f12669ae388	0	0	0	0	0	0	0	0	54	44	0	0	0	0	0	0	0	0	0	0	0	51	0	0
e4ac58bb9ba6370a63dcffec31d0d261	0	0	0	0	0	0	0	0	0	36	0	0	0	0	0	0	0	0	0	0	0	112	0	0
a60e911190ccfd2be6a27fcfe6fa7f96	0	0	0	0	0	0	0	0	38	0	0	0	0	0	0	0	12	0	0	41	56	0	0	0
d5bb77dba9e3e211fd0ff5b7749dd507	0	0	0	0	0	0	0	0	28	74	0	0	0	0	0	0	0	0	0	0	0	44	0	0
b46f68d44a8fcfa4c1e714ba892b3116	37	52	45	0	0	0	0	0	0	0	0	0	0	3	8	0	0	0	0	0	0	0	0	0
49f4881a60cd1f0e2837cd3f9f1b8ac9	0	0	32	0	0	0	0	0	11	100	0	0	0	0	0	0	0	0	0	0	2	0	0	0
b3d0afd5a5d5a24e9847c43c844827c9	0	0	0	0	0	0	0	0	69	49	0	0	0	0	0	0	0	3	0	0	0	24	0	0
430979a96d654f59171ca4304956f0df	0	0	0	0	0	0	0	0	0	50	0	0	0	0	0	0	45	0	0	50	0	0	0	0
c35923ad22c6b6075f7ee37a4d234c5a	0	0	0	0	0	0	0	0	55	33	0	0	0	0	0	0	0	0	0	0	0	54	0	0
849b7d36581cd4a56212724f91c18e19	0	0	0	0	0	0	0	0	103	8	0	0	0	0	0	0	0	0	0	0	0	30	0	0
915e1f7f1378c026a599fd07d1a70db7	0	0	0	0	0	0	0	0	102	0	0	0	0	0	0	0	0	0	0	0	0	35	0	0
0a82af1b3503a6316b8bb8c243d85ecf	0	0	0	0	0	0	0	0	51	49	0	0	0	0	0	0	0	0	0	0	0	37	0	0
3af3e03d0d8a55d456f3c090d8088c78	0	0	0	0	0	0	0	0	104	13	0	0	0	0	0	0	0	0	0	0	0	19	0	0
7109da8ebb7ead9fb9939ae2b11b7c81	0	0	0	0	0	0	0	0	4	78	0	0	0	0	0	0	0	0	0	0	0	54	0	0
1562ccad25dd9b9b02d1167d57fe4cfc	0	0	0	0	0	0	0	0	42	49	0	0	0	0	0	0	0	0	0	0	0	44	0	0
aea6ce70982e4d572e3b283be3da92fc	0	0	0	0	0	0	0	0	32	51	0	0	0	0	0	0	0	0	0	0	0	51	0	0
7f6fa93edd2d21d0f85e8d8af8614c78	0	0	0	0	0	0	0	0	20	9	0	0	0	0	0	0	29	21	19	10	24	0	0	0
f7f77a0501ce7ff6d35779e26c60360b	0	0	0	0	0	0	0	0	52	37	0	0	0	0	0	0	0	0	0	0	0	42	0	0
6fdf861180a88b1e1c431fa7b629e975	11	0	20	0	0	0	0	0	0	85	0	0	0	0	0	0	0	0	0	0	2	9	0	0
010b1395f9ed646e7612107ca2311d0d	0	0	0	0	0	0	0	0	117	0	0	0	0	0	0	0	0	0	0	0	0	10	0	0
2e2439c5eac548c7418fdad5472f3f08	0	0	0	0	0	0	0	0	77	48	0	0	0	0	0	0	0	0	0	0	0	0	0	0
37adea0ae3433116390c155429e9658d	0	0	0	0	0	0	0	0	0	51	0	0	0	0	0	0	0	0	0	0	0	74	0	0
586fe2e404a3f542398c2e5549c6fa80	0	0	0	0	0	0	0	0	0	35	0	0	0	0	0	0	0	0	0	0	0	90	0	0
a2e37eb7d83bde212753e03e06ab67af	0	0	0	0	0	0	0	0	0	0	74	51	0	0	0	0	0	0	0	0	0	0	0	0
3307f53bf351f71e4ee944be8a0c4276	0	41	52	0	0	0	0	0	0	11	0	0	0	0	0	0	0	0	3	9	0	8	0	0
3d498302867bb78fb5912e08fa45d19b	0	0	0	0	0	0	0	0	0	0	0	0	63	61	0	0	0	0	0	0	0	0	0	0
eba211279c022dfa0462de669bcab50d	0	0	0	0	0	0	0	0	0	0	0	0	0	0	0	0	0	38	18	0	68	0	0	0
ef4b73059bf1b4fb90a57c6120256feb	0	0	0	0	0	0	0	0	0	0	0	0	0	0	0	0	0	46	76	0	0	0	0	0
32be1dd7117a733c95fdd93689cc7d17	0	26	0	0	0	0	0	0	33	35	0	0	0	0	0	0	0	0	0	0	0	27	0	0
a4e10ed572f96142821dc29052c6d7b6	0	0	15	59	0	0	0	0	0	0	0	0	0	0	0	0	0	0	0	0	0	45	0	0
1dac3ffc888f1a65207609c3086de90a	0	0	20	0	0	0	0	0	0	0	0	0	0	0	0	0	36	19	28	0	15	0	0	0
2b46f6b2d9a098e0b82504139e17f312	0	0	0	0	0	0	0	0	0	0	0	0	0	0	0	0	25	20	38	0	34	0	0	0
8e98734d741b541832bd4a609d57702a	0	0	0	0	0	0	0	0	0	0	0	0	0	0	0	0	0	0	0	62	55	0	0	0
0e1746969218a97770cab186f0c9e78f	0	0	0	0	0	0	0	0	71	15	0	0	0	0	0	0	0	0	0	0	0	30	0	0
b6bb165b49045de76bc94f1852fa6b61	0	0	0	0	0	0	0	0	31	30	3	0	0	0	0	0	0	0	0	0	0	51	0	0
e06327c4a332ff96de84991e86a9c8f4	0	0	0	0	0	0	0	0	0	3	0	0	0	0	0	0	0	28	60	24	0	0	0	0
b81e8477f1679cb0b9fa9734ef17592c	0	0	0	0	0	0	0	0	52	21	0	0	0	0	0	0	0	0	0	0	0	41	0	0
16a2a6724336e109da90b3ed46baab39	0	0	0	0	0	0	0	0	0	0	58	56	0	0	0	0	0	0	0	0	0	0	0	0
fc1e1c80e2ce566b5aa9c8aba17fc6b2	0	40	61	0	0	0	0	0	0	0	0	0	0	7	5	0	0	0	0	0	0	0	0	0
44883af93c218d0dade292f9025116f7	0	0	0	0	0	0	0	0	46	25	0	0	0	0	0	0	0	0	0	0	0	42	0	0
bdd717e6c709a5f70518b2d9158fac86	0	0	0	0	0	0	0	0	42	43	0	0	0	0	0	0	0	0	0	0	0	28	0	0
f6e070efb6f5fb13c5161919d3d6d9ea	0	0	0	0	0	0	0	0	31	34	0	0	0	0	0	0	0	0	0	0	0	48	0	0
26abd950c92242e19224c07c7f49d86a	0	0	0	0	0	0	0	0	22	0	0	0	0	0	0	0	0	0	0	0	0	91	0	0
c405f103be52221c05b9091669569a96	0	0	0	0	0	0	0	0	0	0	0	0	0	0	0	0	33	32	26	22	0	0	0	0
fa7487d1ad64fe3e5723ebbd382224d1	0	0	0	0	0	0	0	0	60	23	0	0	0	0	0	0	0	0	0	0	0	29	0	0
a7adca3336493356f666e487e2f1a012	0	0	0	0	0	0	0	0	0	42	0	0	0	0	0	0	0	0	0	0	0	68	0	0
14f072585c7d552fd5b9799c6184a6d4	0	0	0	0	0	0	0	0	0	0	0	0	0	0	0	0	21	0	38	21	27	0	0	0
ba05b4c7c8f87f1c8870027fd51e888c	0	0	0	0	0	0	0	0	48	31	0	0	0	0	0	0	0	0	0	0	0	27	0	0
382c32064d1d7ca1ce0afe7eab0e5a15	0	0	0	0	0	0	0	0	31	29	0	0	0	0	0	0	0	0	0	0	0	46	0	0
080fc923326675b883b241775f044dd8	0	0	0	0	0	0	0	0	21	51	0	0	0	0	0	0	0	0	0	0	0	34	0	0
c18c6308bd8b31ee50c553f0ac376173	0	0	0	0	0	0	0	0	0	31	0	0	0	0	0	0	0	0	0	0	0	74	0	0
ce8d6f8f119c040b4d66be832bb03a62	0	0	0	0	0	0	0	0	47	32	0	0	0	0	0	0	0	25	0	0	0	0	0	0
19ec2e8792dbf932971f82f886dfa022	0	0	0	0	0	0	0	0	0	0	0	0	0	0	0	0	0	54	0	0	50	0	0	0
f5300c031ca1e4df2b0a90c21eb2cff2	0	0	0	0	0	0	0	0	56	22	0	0	0	0	0	0	0	0	0	0	0	25	0	0
add4dfb6cf91ebc234f929049f9462bf	0	0	46	50	0	0	0	0	0	0	0	0	0	0	0	0	0	0	0	6	0	0	0	0
22420998e08e62f6cbd940a5f9973ade	0	0	0	0	0	0	0	0	42	28	0	0	0	0	0	0	0	0	0	0	0	32	0	0
ccab3203d686e264f2e98d9381525fad	0	0	0	0	0	0	0	0	35	36	0	0	0	0	0	0	0	0	0	0	0	30	0	0
0057d48feccfec9551cdbf87092f9efb	0	0	0	0	0	0	0	0	23	62	0	0	0	0	0	0	0	0	0	0	0	15	0	0
a0686240fb3260591ba4adbfe00a100b	0	0	0	0	0	0	0	0	15	42	0	0	0	0	0	0	0	0	0	0	0	43	0	0
f616d21c6eb2b92abb5dbc39107f779e	0	0	0	0	0	0	0	0	0	38	0	0	0	0	0	0	0	0	0	0	0	62	0	0
